epoch,accuracy,auc,loss,precision,recall,val_accuracy,val_auc,val_loss,val_precision,val_recall
0,0.685774564743042,0.601568341255188,27.88676643371582,0.7939011454582214,0.7793548107147217,0.5,0.640625,7.800705909729004,0.0,0.0
1,0.7896856069564819,0.7505144476890564,10.085168838500977,0.8613423705101013,0.854451596736908,0.5,0.40625,5.92861270904541,0.0,0.0
2,0.8134585618972778,0.8061330318450928,6.498998165130615,0.8762966990470886,0.871999979019165,0.5,0.3671875,5.078036308288574,0.0,0.0
3,0.8337806463241577,0.8754503130912781,4.8786420822143555,0.8937172889709473,0.8810322284698486,0.375,0.3203125,4.663212776184082,0.0,0.0
4,0.8293711543083191,0.8889304399490356,4.230484962463379,0.8883684873580933,0.8810322284698486,0.375,0.3359375,4.412158489227295,0.0,0.0
5,0.8397239446640015,0.9076642990112305,3.9467811584472656,0.8786444067955017,0.909935474395752,0.4375,0.3203125,4.231901168823242,0.3333333432674408,0.125
